-- phpMyAdmin SQL Dump
-- version phpStudy 2014
-- http://www.phpmyadmin.net
--
-- 主机: localhost
-- 生成日期: 2017 年 11 月 25 日 10:47
-- 服务器版本: 5.5.53
-- PHP 版本: 5.4.45

SET SQL_MODE="NO_AUTO_VALUE_ON_ZERO";
SET time_zone = "+00:00";


/*!40101 SET @OLD_CHARACTER_SET_CLIENT=@@CHARACTER_SET_CLIENT */;
/*!40101 SET @OLD_CHARACTER_SET_RESULTS=@@CHARACTER_SET_RESULTS */;
/*!40101 SET @OLD_COLLATION_CONNECTION=@@COLLATION_CONNECTION */;
/*!40101 SET NAMES utf8 */;

--
-- 数据库: `yiyi`
--

-- --------------------------------------------------------

--
-- 表的结构 `admin`
--

CREATE TABLE IF NOT EXISTS `admin` (
  `admin_id` int(11) NOT NULL AUTO_INCREMENT COMMENT '管理员id',
  `username` char(16) CHARACTER SET utf8 NOT NULL COMMENT '管理员账号',
  `passwd` char(32) CHARACTER SET utf8 NOT NULL COMMENT 'MD5加密',
  `loginnum` int(11) NOT NULL DEFAULT '0' COMMENT '登录次数',
  `lasttimes` datetime NOT NULL COMMENT '最后登录时间',
  PRIMARY KEY (`admin_id`)
) ENGINE=MyISAM  DEFAULT CHARSET=utf8mb4 AUTO_INCREMENT=4 ;

--
-- 转存表中的数据 `admin`
--

INSERT INTO `admin` (`admin_id`, `username`, `passwd`, `loginnum`, `lasttimes`) VALUES
(1, '超级管理员', 'e10adc3949ba59abbe56e057f20f883e', 0, '2017-09-19 00:00:00'),
(2, '张三', 'e10adc3949ba59abbe56e057f20f883e', 30, '2017-11-16 16:16:39'),
(3, 'gw123', 'e10adc3949ba59abbe56e057f20f883e', 2, '2017-11-23 12:03:01');

-- --------------------------------------------------------

--
-- 表的结构 `cate`
--

CREATE TABLE IF NOT EXISTS `cate` (
  `cate_id` int(11) NOT NULL AUTO_INCREMENT COMMENT '类目id',
  `cate_name` char(120) CHARACTER SET utf8 NOT NULL COMMENT '类目名称',
  `parent_cate_id` int(11) DEFAULT '0' COMMENT '父级类目id',
  `addtimes` datetime NOT NULL COMMENT '添加时间',
  `updatetimes` datetime NOT NULL COMMENT '修改时间',
  `status` int(11) NOT NULL DEFAULT '1' COMMENT '状态',
  PRIMARY KEY (`cate_id`)
) ENGINE=MyISAM  DEFAULT CHARSET=utf8mb4 AUTO_INCREMENT=36 ;

--
-- 转存表中的数据 `cate`
--

INSERT INTO `cate` (`cate_id`, `cate_name`, `parent_cate_id`, `addtimes`, `updatetimes`, `status`) VALUES
(35, '达芙妮', 24, '2017-11-16 16:45:58', '2017-11-16 16:45:58', 4),
(34, '阿迪达斯', 24, '2017-11-16 16:44:50', '2017-11-16 16:44:50', 4),
(33, '美特斯邦威', 24, '2017-11-16 16:44:39', '2017-11-16 16:44:39', 4),
(32, '七匹狼', 24, '2017-11-16 16:44:15', '2017-11-16 16:44:15', 4),
(31, '围巾', 23, '2017-11-16 16:42:20', '2017-11-16 16:42:20', 3),
(30, '吊坠', 23, '2017-11-16 16:42:05', '2017-11-16 16:42:05', 3),
(29, '项链', 23, '2017-11-16 16:41:54', '2017-11-16 16:41:54', 3),
(28, '牛仔裤', 22, '2017-11-16 16:40:59', '2017-11-16 16:40:59', 2),
(27, '礼服', 22, '2017-11-16 16:40:49', '2017-11-16 16:40:49', 2),
(26, '晚礼服', 22, '2017-11-16 16:40:39', '2017-11-16 16:40:39', 2),
(25, '休闲装', 22, '2017-11-16 16:40:27', '2017-11-16 16:40:27', 2),
(24, '品牌', 4, '2017-11-16 16:39:00', '2017-11-16 16:39:00', 1),
(23, '配饰', 3, '2017-11-16 16:38:31', '2017-11-16 16:38:31', 1),
(22, '服装', 2, '2017-11-16 16:37:57', '2017-11-16 16:37:57', 1);

-- --------------------------------------------------------

--
-- 表的结构 `color`
--

CREATE TABLE IF NOT EXISTS `color` (
  `color_id` int(11) NOT NULL AUTO_INCREMENT COMMENT '颜色id',
  `item_id` int(11) NOT NULL COMMENT '商品id',
  `color_name` char(60) CHARACTER SET utf8 NOT NULL COMMENT '颜色名称',
  PRIMARY KEY (`color_id`)
) ENGINE=MyISAM  DEFAULT CHARSET=utf8mb4 AUTO_INCREMENT=152 ;

--
-- 转存表中的数据 `color`
--

INSERT INTO `color` (`color_id`, `item_id`, `color_name`) VALUES
(99, 91, '黑色'),
(98, 91, '白色'),
(97, 90, '蓝色'),
(96, 89, '红色'),
(95, 89, '蓝色'),
(94, 88, '黑色'),
(93, 87, '黑色'),
(92, 86, '黑色'),
(91, 85, '粉色'),
(90, 84, '白色'),
(89, 83, '紫色'),
(88, 82, '紫色'),
(87, 81, '图片色'),
(86, 81, '白色'),
(85, 80, '图片色'),
(84, 80, '白色'),
(83, 79, '图片色'),
(82, 79, '白色'),
(81, 78, '图片色'),
(80, 78, '白色'),
(79, 77, '图片色'),
(78, 77, '白色'),
(77, 76, '图片色'),
(76, 76, '白色'),
(75, 75, '图片色'),
(74, 75, '蓝色'),
(73, 74, '图片色'),
(72, 74, '蓝色'),
(71, 73, '图片色'),
(70, 73, '蓝色'),
(69, 72, '蓝色'),
(68, 71, '蓝色'),
(67, 70, '白色'),
(66, 70, '蓝色'),
(100, 92, '白色'),
(101, 92, '黑色'),
(102, 92, '灰色'),
(103, 93, '灰色'),
(104, 93, '黑色'),
(105, 94, '金色'),
(106, 95, '图片色'),
(107, 96, '图片色'),
(108, 97, '黑色'),
(109, 98, '图片色'),
(110, 99, '黑色'),
(111, 99, '白色'),
(112, 99, '蓝色'),
(113, 100, '黑色'),
(114, 100, '白色'),
(115, 100, '蓝色'),
(116, 101, '黑色'),
(117, 101, '白色'),
(118, 102, '蓝色'),
(119, 102, '白色'),
(120, 103, '蓝色'),
(121, 103, '白色'),
(122, 104, '黑色'),
(123, 104, '白色'),
(124, 105, '灰色'),
(125, 105, '白色'),
(126, 106, '图片色'),
(127, 107, '蓝色'),
(128, 108, '图片色'),
(129, 109, '图片色'),
(130, 110, '图片色'),
(131, 111, '图片色'),
(132, 112, '图片色'),
(133, 113, '图片色'),
(134, 114, '图片色'),
(135, 115, '图片色'),
(136, 116, '图片色'),
(137, 117, '图片色'),
(138, 118, '图片色'),
(139, 119, '图片色'),
(140, 120, '黑色'),
(141, 120, '白色'),
(142, 121, '黑色'),
(143, 121, '白色'),
(144, 122, '黑色'),
(145, 122, '白色'),
(146, 123, '蓝色'),
(147, 123, '白色'),
(148, 124, '紫色'),
(149, 124, '白色'),
(150, 125, ''),
(151, 126, '');

-- --------------------------------------------------------

--
-- 表的结构 `item`
--

CREATE TABLE IF NOT EXISTS `item` (
  `item_id` int(11) NOT NULL AUTO_INCREMENT COMMENT '商品id',
  `item_name` char(240) CHARACTER SET utf8 NOT NULL COMMENT '商品名称',
  `imgs` char(240) CHARACTER SET utf8 NOT NULL COMMENT '商品主图',
  `cate_id_parent` int(11) NOT NULL COMMENT '一级类目',
  `cate_id_child` int(11) NOT NULL COMMENT '二级类目',
  `price` float NOT NULL COMMENT '商品价格',
  `discount` float NOT NULL DEFAULT '10' COMMENT '折扣',
  `leftad` int(11) NOT NULL DEFAULT '0' COMMENT '左推荐',
  `rightad` int(11) NOT NULL DEFAULT '0' COMMENT '右推荐',
  `aimg` int(11) NOT NULL DEFAULT '0' COMMENT '轮播图推荐',
  `detail` text CHARACTER SET utf8 NOT NULL COMMENT '详情描述',
  `addtimes` datetime NOT NULL COMMENT '添加时间',
  `updatetimes` datetime NOT NULL COMMENT '修改时间',
  `status` int(11) NOT NULL DEFAULT '1' COMMENT '状态',
  `username` char(16) CHARACTER SET utf8 NOT NULL COMMENT '发布人',
  PRIMARY KEY (`item_id`)
) ENGINE=MyISAM  DEFAULT CHARSET=utf8mb4 AUTO_INCREMENT=127 ;

--
-- 转存表中的数据 `item`
--

INSERT INTO `item` (`item_id`, `item_name`, `imgs`, `cate_id_parent`, `cate_id_child`, `price`, `discount`, `leftad`, `rightad`, `aimg`, `detail`, `addtimes`, `updatetimes`, `status`, `username`) VALUES
(75, '牛仔系列4', 'http://localhost/admin/upload/image/20171116/1510824362__n5.jpg', 22, 28, 99, 10, 1, 0, 1, '<p>女神神牛仔系列1</p>', '2017-11-16 17:26:12', '2017-11-16 17:26:12', 1, 'gw'),
(74, '牛仔系列4', 'http://localhost/admin/upload/image/20171116/1510824331__n4.jpg', 22, 28, 88, 10, 1, 0, 1, '<p>女神神牛仔系列1</p>', '2017-11-16 17:25:43', '2017-11-16 17:25:43', 1, 'gw'),
(73, '牛仔系列3', 'http://localhost/admin/upload/image/20171116/1510824297__n3.jpg', 22, 28, 80, 10, 1, 0, 1, '<p>男神神牛仔系列1</p>', '2017-11-16 17:25:07', '2017-11-16 17:25:07', 1, 'gw'),
(72, '牛仔系列2', 'http://localhost/admin/upload/image/20171116/1510824117__n2.png', 22, 28, 76, 10, 1, 0, 1, '<p>男神神牛仔系列</p>', '2017-11-16 17:24:07', '2017-11-16 17:24:07', 1, 'gw'),
(71, '牛仔系列2', 'http://localhost/admin/upload/image/20171116/1510824117__n2.png', 22, 28, 76, 10, 1, 0, 1, '<p>男神神牛仔系列</p>', '2017-11-16 17:22:35', '2017-11-16 17:22:35', 1, 'gw'),
(70, '牛仔系列1', 'http://localhost/admin/upload/image/20171116/1510823816__n1.jpg', 22, 28, 56, 10, 1, 0, 1, '<p>女神牛仔系列1</p>', '2017-11-16 17:17:30', '2017-11-16 17:17:30', 1, 'gw'),
(77, '礼服系列1', 'http://localhost/admin/upload/image/20171116/1510824489__l3.jpg', 22, 27, 299, 10, 0, 1, 1, '<p>女神礼服系列1</p>', '2017-11-16 17:28:21', '2017-11-16 17:28:21', 1, 'gw'),
(78, '礼服系列1', 'http://localhost/admin/upload/image/20171116/1510824521__l2.jpg', 22, 27, 69, 10, 0, 1, 1, '<p>女神礼服系列2</p>', '2017-11-16 17:28:47', '2017-11-16 17:28:47', 1, 'gw'),
(79, '礼服系列3', 'http://localhost/admin/upload/image/20171116/1510824549__l5.jpg', 22, 27, 189, 10, 0, 1, 1, '<p>女神礼服系列3</p>', '2017-11-16 17:29:15', '2017-11-16 17:29:15', 1, 'gw'),
(80, '晚礼服系列', 'http://localhost/admin/upload/image/20171116/1510827183__w1.jpg', 22, 26, 299, 10, 0, 1, 1, '<p>女神晚礼服系列1</p>', '2017-11-16 18:13:15', '2017-11-16 18:13:15', 1, 'gw'),
(81, '晚礼服系列', 'http://localhost/admin/upload/image/20171116/1510827183__w1.jpg', 22, 26, 299, 10, 0, 1, 1, '<p>女神晚礼服系列1</p>', '2017-11-16 18:13:18', '2017-11-16 18:13:18', 1, 'gw'),
(82, '晚礼服系列1', 'http://localhost/admin/upload/image/20171116/1510827248__w2.jpg', 22, 26, 299, 10, 0, 1, 1, '<p>女神晚礼服系列2</p>', '2017-11-16 18:14:26', '2017-11-16 18:14:26', 1, 'gw'),
(83, '晚礼服系列1', 'http://localhost/admin/upload/image/20171116/1510827283__w5.jpg', 22, 26, 299, 10, 0, 1, 1, '<p>女神晚礼服系列3</p>', '2017-11-16 18:14:49', '2017-11-16 18:14:49', 1, 'gw'),
(84, '晚礼服系列1', 'http://localhost/admin/upload/image/20171116/1510827310__w3.jpg', 22, 26, 399, 10, 0, 1, 0, '<p>女神晚礼服系列4</p>', '2017-11-16 18:16:41', '2017-11-16 18:16:41', 1, 'gw'),
(85, '晚礼服系列1', 'http://localhost/admin/upload/image/20171116/1510827420__w4.jpg', 22, 26, 399, 10, 0, 0, 0, '<p>女神晚礼服系列5</p>', '2017-11-16 18:17:22', '2017-11-16 18:17:22', 1, 'gw'),
(86, '休闲系列1', 'http://localhost/admin/upload/image/20171116/1510827488__x2.jpg', 22, 25, 100, 10, 0, 0, 0, '<p>休闲男装&nbsp;</p>', '2017-11-16 18:18:48', '2017-11-16 18:18:48', 1, 'gw'),
(87, '休闲男装', 'http://localhost/admin/upload/image/20171116/1510827563__x3.jpg', 22, 25, 180, 10, 0, 0, 0, '<p>休闲男套装&nbsp;</p>', '2017-11-16 18:19:36', '2017-11-16 18:19:36', 1, 'gw'),
(88, '休闲装1', 'http://localhost/admin/upload/image/20171116/1510827605__x4.jpg', 22, 25, 120, 10, 0, 0, 0, '<p>休闲女套装&nbsp;</p>', '2017-11-16 18:20:13', '2017-11-16 18:20:13', 1, 'gw'),
(89, '休闲装2', 'http://localhost/admin/upload/image/20171116/1510827643__x5.jpg', 22, 25, 160, 10, 0, 0, 0, '<p>休闲女套装&nbsp;</p>', '2017-11-16 18:21:05', '2017-11-16 18:21:05', 1, 'gw'),
(90, '休闲情侣装', 'http://localhost/admin/upload/image/20171116/1510827686__x1.jpg', 22, 25, 260, 10, 0, 0, 0, '<p>休闲情侣套装&nbsp;</p>', '2017-11-16 18:22:41', '2017-11-16 18:22:41', 1, 'gw'),
(91, '达芙妮品牌', 'http://localhost/admin/upload/image/20171116/1510827866__dfn5.jpg', 24, 35, 260, 10, 0, 0, 0, '<p>达芙妮品牌1</p>', '2017-11-16 18:24:43', '2017-11-16 18:24:43', 1, 'gw'),
(92, '达芙妮凉鞋品牌', 'http://localhost/admin/upload/image/20171116/1510827948__dfn3.jpg', 24, 35, 150, 10, 0, 0, 0, '<p>达芙妮凉鞋品牌</p>', '2017-11-16 18:27:35', '2017-11-16 18:27:35', 1, 'gw'),
(93, '达芙妮大衣品牌', 'http://localhost/admin/upload/image/20171116/1510828069__dfn4.jpg', 24, 35, 330, 10, 0, 0, 0, '<p>达芙妮大衣品牌</p>', '2017-11-16 18:28:40', '2017-11-16 18:28:40', 1, 'gw'),
(94, '达芙妮休闲鞋品牌', 'http://localhost/admin/upload/image/20171116/1510828139__dfn1.jpg', 24, 35, 200, 10, 0, 0, 0, '<p>达芙妮休闲鞋品牌</p>', '2017-11-16 18:29:49', '2017-11-16 18:29:49', 1, 'gw'),
(95, '阿迪达斯系列', 'http://localhost/admin/upload/image/20171116/1510828363__adds5.jpg', 24, 34, 256, 10, 0, 0, 0, '<p>阿迪达斯男女鞋</p>', '2017-11-16 18:34:29', '2017-11-16 18:34:29', 1, 'gw'),
(96, '阿迪达斯系列1', 'http://localhost/admin/upload/image/20171116/1510828519__adds1.jpg', 24, 34, 354, 10, 0, 0, 0, '<p>阿迪达斯套装</p>', '2017-11-16 18:35:50', '2017-11-16 18:35:50', 1, 'gw'),
(97, '阿迪达斯系列2', 'http://localhost/admin/upload/image/20171116/1510828596__adds2.jpg', 24, 34, 568, 10, 0, 0, 0, '<p>阿迪达斯套装2</p>', '2017-11-16 18:36:56', '2017-11-16 18:36:56', 1, 'gw'),
(98, '阿迪达斯系列2', 'http://localhost/admin/upload/image/20171116/1510828644__adds3.jpg', 24, 34, 300, 10, 0, 0, 0, '<p>阿迪达斯女装</p>', '2017-11-16 18:37:45', '2017-11-16 18:37:45', 1, 'gw'),
(99, '阿迪达斯男装系列', 'http://localhost/admin/upload/image/20171116/1510828679__adds4.jpg', 24, 34, 400, 10, 0, 0, 0, '<p>阿迪达斯男装</p>', '2017-11-16 18:38:53', '2017-11-16 18:38:53', 1, 'gw'),
(100, '七匹狼系列', 'http://localhost/admin/upload/image/20171116/1510828865__qpl1.jpg', 24, 32, 100, 10, 0, 0, 0, '<p>七匹狼男装</p>', '2017-11-16 18:41:19', '2017-11-16 18:41:19', 1, 'gw'),
(101, '七匹狼系列1', 'http://localhost/admin/upload/image/20171116/1510828891__qpl2.jpg', 24, 32, 100, 10, 0, 0, 0, '<p>七匹狼男装1</p>', '2017-11-16 18:41:53', '2017-11-16 18:41:53', 1, 'gw'),
(102, '七匹狼系列2', 'http://localhost/admin/upload/image/20171116/1510828935__qpl3.jpg', 24, 32, 200, 10, 0, 0, 0, '<p>七匹狼男装2</p>', '2017-11-16 18:42:33', '2017-11-16 18:42:33', 1, 'gw'),
(103, '七匹狼系列3', 'http://localhost/admin/upload/image/20171116/1510828977__qpl5.jpg', 24, 32, 300, 10, 0, 0, 0, '<p>七匹狼男装3</p>', '2017-11-16 18:43:05', '2017-11-16 18:43:05', 1, 'gw'),
(104, '七匹狼折扣系列', 'http://localhost/admin/upload/image/20171116/1510828999__qpl4.jpg', 24, 32, 300, 10, 0, 0, 0, '<p>七匹狼折扣系列</p>', '2017-11-16 18:43:53', '2017-11-16 18:43:53', 1, 'gw'),
(105, '围巾系列', 'http://localhost/admin/upload/image/20171116/1510829077__wj1.jpg', 23, 31, 60, 10, 0, 0, 0, '<p>围巾系列</p>', '2017-11-16 18:45:29', '2017-11-16 18:45:29', 1, 'gw'),
(106, '围巾系列1', 'http://localhost/admin/upload/image/20171117/1510900298__wj2.jpg', 23, 31, 45, 10, 0, 0, 0, '<p>长围巾女</p>', '2017-11-17 14:32:02', '2017-11-17 14:32:02', 1, 'gw'),
(107, '围巾系列2', 'http://localhost/admin/upload/image/20171117/1510900355__wj4.jpg', 23, 31, 54, 10, 0, 0, 0, '<p>短围巾女</p>', '2017-11-17 14:32:47', '2017-11-17 14:32:47', 1, 'gw'),
(108, '围巾系列3', 'http://localhost/admin/upload/image/20171117/1510901075__wj5.jpg', 23, 31, 65, 10, 0, 0, 0, '<p>围巾系列3</p>', '2017-11-17 14:44:45', '2017-11-17 14:44:45', 1, 'gw'),
(109, '围巾系列4', 'http://localhost/admin/upload/image/20171117/1510901103__wj3.jpg', 23, 31, 65, 10, 0, 0, 0, '<p>围巾系列4</p>', '2017-11-17 14:45:14', '2017-11-17 14:45:14', 1, 'gw'),
(110, '吊坠系列', 'http://localhost/admin/upload/image/20171117/1510901266__gz1.jpg', 23, 30, 35, 10, 0, 0, 0, '<p>吊坠系列1</p>', '2017-11-17 14:47:58', '2017-11-17 14:47:58', 1, 'gw'),
(111, '吊坠系列1', 'http://localhost/admin/upload/image/20171117/1510901302__gz2.jpg', 23, 30, 34, 10, 0, 0, 0, '<p>吊坠系列2</p>', '2017-11-17 14:48:26', '2017-11-17 14:48:26', 1, 'gw'),
(112, '吊坠系列2', 'http://localhost/admin/upload/image/20171117/1510901334__gz3.jpg', 23, 30, 45, 10, 0, 0, 0, '<p>吊坠系列3</p>', '2017-11-17 14:49:24', '2017-11-17 14:49:24', 1, 'gw'),
(113, '吊坠系列3', 'http://localhost/admin/upload/image/20171117/1510901377__gz4.jpg', 23, 30, 50, 10, 0, 0, 0, '<p>吊坠系列4</p>', '2017-11-17 14:49:51', '2017-11-17 14:49:51', 1, 'gw'),
(114, '吊坠系列4', 'http://localhost/admin/upload/image/20171117/1510901402__gz5.jpg', 23, 30, 45, 10, 0, 0, 0, '<p>吊坠系列5</p>', '2017-11-17 14:50:14', '2017-11-17 14:50:14', 1, 'gw'),
(115, '项链系列1', 'http://localhost/admin/upload/image/20171117/1510901446__xl1.jpg', 23, 29, 45, 10, 0, 0, 0, '<p>项链系列5</p>', '2017-11-17 14:50:55', '2017-11-17 14:50:55', 1, 'gw'),
(116, '项链系列2', 'http://localhost/admin/upload/image/20171117/1510901481__xl2.jpg', 23, 29, 67, 10, 0, 0, 0, '<p>项链系列2</p>', '2017-11-17 14:51:29', '2017-11-17 14:51:29', 1, 'gw'),
(117, '项链系列3', 'http://localhost/admin/upload/image/20171117/1510901506__xl3.jpg', 23, 29, 32, 10, 0, 0, 0, '<p>项链系列3</p>', '2017-11-17 14:51:56', '2017-11-17 14:51:56', 1, 'gw'),
(118, '项链系列4', 'http://localhost/admin/upload/image/20171117/1510901535__xl4.jpg', 23, 29, 32, 10, 0, 0, 0, '<p>项链系列4</p>', '2017-11-17 14:52:18', '2017-11-17 14:52:18', 1, 'gw'),
(119, '项链系列4', 'http://localhost/admin/upload/image/20171117/1510901565__xl5.jpg', 23, 29, 22, 10, 0, 0, 0, '<p>项链系列5</p>', '2017-11-17 14:52:52', '2017-11-17 14:52:52', 1, 'gw'),
(120, '美邦系列1', 'http://localhost/admin/upload/image/20171117/1510901646__mb1.jpg', 24, 33, 200, 10, 0, 0, 0, '<p>美邦系列1</p>', '2017-11-17 14:54:18', '2017-11-17 14:54:18', 1, 'gw'),
(121, '美邦系列2', 'http://localhost/admin/upload/image/20171117/1510901677__mb2.jpg', 24, 33, 220, 10, 0, 0, 0, '<p>美邦系列2</p>', '2017-11-17 14:54:49', '2017-11-17 14:54:49', 1, 'gw'),
(122, '美邦系列3', 'http://localhost/admin/upload/image/20171117/1510901709__mb3.jpg', 24, 33, 180, 10, 0, 0, 0, '<p>美邦系列3</p>', '2017-11-17 14:55:18', '2017-11-17 14:55:18', 1, 'gw'),
(123, '美邦系列3', 'http://localhost/admin/upload/image/20171117/1510901738__mb4.jpg', 24, 33, 180, 10, 0, 0, 0, '<p>美邦女</p>', '2017-11-17 14:56:00', '2017-11-17 14:56:00', 1, 'gw'),
(124, '美邦系列4', 'http://localhost/admin/upload/image/20171117/1510901770__mb5.jpg', 24, 33, 250, 10, 0, 0, 0, '<p>美邦女系列</p>', '2017-11-17 14:56:53', '2017-11-17 14:56:53', 1, 'gw'),
(125, '公主连衣裙', 'http://localhost/admin/upload/image/20171117/1510902130__slider2.jpg', 0, 0, 90, 10, 0, 0, 2, '<p>这里是默认信息</p>', '2017-11-17 15:02:14', '2017-11-17 15:02:14', 1, 'gw'),
(126, '成人婚纱', 'http://localhost/admin/upload/image/20171117/1510902146__slider3.jpg', 0, 0, 90, 10, 0, 0, 2, '<p>这里是默认信息</p>', '2017-11-17 15:02:29', '2017-11-17 15:02:29', 1, 'gw');

-- --------------------------------------------------------

--
-- 表的结构 `login`
--

CREATE TABLE IF NOT EXISTS `login` (
  `login_id` int(11) NOT NULL AUTO_INCREMENT COMMENT '主键',
  `login_name` char(16) CHARACTER SET utf8 NOT NULL COMMENT '用户名',
  `passwd` char(32) CHARACTER SET utf8 NOT NULL COMMENT '用户密码',
  `userImg` text NOT NULL,
  `tel` char(11) CHARACTER SET utf8 NOT NULL COMMENT '手机号',
  `loginaddress` char(240) CHARACTER SET utf8 NOT NULL COMMENT '客户默认发货地址',
  `logintimes` datetime NOT NULL COMMENT '时间',
  `loginnum` int(11) NOT NULL DEFAULT '0' COMMENT '操作次数',
  PRIMARY KEY (`login_id`)
) ENGINE=MyISAM  DEFAULT CHARSET=utf8mb4 AUTO_INCREMENT=7 ;

--
-- 转存表中的数据 `login`
--

INSERT INTO `login` (`login_id`, `login_name`, `passwd`, `userImg`, `tel`, `loginaddress`, `logintimes`, `loginnum`) VALUES
(6, 'wang', '4e4961805ee91afbc6a589dba3818470', '', '15881328936', '梵蒂冈梵蒂冈发的', '0000-00-00 00:00:00', 0);

-- --------------------------------------------------------

--
-- 表的结构 `morder`
--

CREATE TABLE IF NOT EXISTS `morder` (
  `order_id` int(11) NOT NULL AUTO_INCREMENT COMMENT '下单id',
  `item_id` int(11) NOT NULL COMMENT '下单商品id',
  `color_id` int(11) NOT NULL COMMENT '颜色id',
  `size_id` int(11) NOT NULL COMMENT '尺寸id',
  `ligin_id` int(11) NOT NULL COMMENT '用户id',
  `login_name` char(16) NOT NULL COMMENT '下单用户帐号',
  `order_times` datetime NOT NULL COMMENT '下单时间',
  `order_address` char(240) NOT NULL COMMENT '下单地址',
  `tel` char(11) NOT NULL COMMENT '手机号',
  `price` float NOT NULL COMMENT '价格',
  `ordercount` int(11) NOT NULL COMMENT '下单数量',
  `totalprices` float NOT NULL COMMENT '下单总价',
  `status` int(11) NOT NULL COMMENT '下单状态',
  PRIMARY KEY (`order_id`)
) ENGINE=MyISAM DEFAULT CHARSET=utf8 AUTO_INCREMENT=1 ;

-- --------------------------------------------------------

--
-- 表的结构 `shoppingcart`
--

CREATE TABLE IF NOT EXISTS `shoppingcart` (
  `cart_id` int(11) NOT NULL AUTO_INCREMENT COMMENT '购物车id',
  `item_id` int(11) NOT NULL COMMENT '商品id',
  `color_id` int(11) NOT NULL COMMENT '颜色id',
  `size_id` int(11) NOT NULL COMMENT '尺寸id',
  `addtimes` datetime NOT NULL COMMENT '添加时间',
  `login_id` int(11) NOT NULL COMMENT '顾客id',
  `ordercount` int(11) NOT NULL COMMENT '订单数量',
  PRIMARY KEY (`cart_id`)
) ENGINE=MyISAM  DEFAULT CHARSET=utf8 AUTO_INCREMENT=213 ;

--
-- 转存表中的数据 `shoppingcart`
--

INSERT INTO `shoppingcart` (`cart_id`, `item_id`, `color_id`, `size_id`, `addtimes`, `login_id`, `ordercount`) VALUES
(211, 79, 79, 79, '2017-11-24 20:38:56', 10, 1),
(210, 73, 73, 73, '2017-11-23 11:05:24', 10, 1),
(209, 78, 78, 78, '2017-11-23 11:04:58', 10, 1),
(180, 77, 77, 77, '2017-11-22 10:26:05', 10, 1),
(179, 78, 78, 78, '2017-11-22 10:03:15', 10, 1);

-- --------------------------------------------------------

--
-- 表的结构 `size`
--

CREATE TABLE IF NOT EXISTS `size` (
  `size_id` int(11) NOT NULL AUTO_INCREMENT COMMENT '商品尺寸id',
  `item_id` int(11) NOT NULL COMMENT '商品id',
  `size_name` char(60) NOT NULL COMMENT '尺寸大小',
  PRIMARY KEY (`size_id`)
) ENGINE=MyISAM  DEFAULT CHARSET=utf8 AUTO_INCREMENT=212 ;

--
-- 转存表中的数据 `size`
--

INSERT INTO `size` (`size_id`, `item_id`, `size_name`) VALUES
(95, 78, 'L'),
(94, 77, 'S'),
(93, 77, 'M'),
(92, 77, 'L'),
(91, 76, 'S'),
(90, 76, 'M'),
(89, 76, 'L'),
(88, 75, 'S'),
(87, 75, 'M'),
(86, 75, 'L'),
(85, 74, 'S'),
(84, 74, 'M'),
(83, 74, 'L'),
(82, 73, 'S'),
(81, 73, 'M'),
(80, 73, 'L'),
(79, 72, 'S'),
(78, 72, 'M'),
(77, 72, 'L'),
(76, 71, 'S'),
(75, 71, 'M'),
(74, 71, 'L'),
(73, 70, 'S'),
(72, 70, 'M'),
(71, 70, 'L'),
(40, 68, ''),
(41, 0, '34'),
(42, 0, '34'),
(43, 0, '33'),
(44, 0, '34'),
(45, 0, '33'),
(46, 0, '54'),
(47, 0, '77'),
(48, 0, '77'),
(49, 0, '77'),
(50, 0, '33'),
(51, 0, '66'),
(52, 0, '12'),
(53, 0, '12'),
(54, 0, '77'),
(55, 0, '34'),
(56, 0, '7'),
(57, 0, '7'),
(58, 0, '23'),
(59, 0, '12'),
(60, 0, '45'),
(61, 0, '34'),
(62, 0, '34'),
(63, 0, '34'),
(64, 0, '34'),
(65, 0, '34'),
(66, 0, '4'),
(67, 0, '3'),
(68, 0, '123'),
(69, 0, '123'),
(70, 69, '123'),
(96, 78, 'M'),
(97, 78, 'S'),
(98, 79, 'L'),
(99, 79, 'M'),
(100, 79, 'S'),
(101, 80, 'L'),
(102, 80, 'M'),
(103, 80, 'S'),
(104, 81, 'L'),
(105, 81, 'M'),
(106, 81, 'S'),
(107, 82, 'L'),
(108, 82, 'M'),
(109, 82, 'S'),
(110, 83, 'L'),
(111, 83, 'M'),
(112, 83, 'S'),
(113, 84, 'L'),
(114, 84, 'M'),
(115, 84, 'S'),
(116, 85, 'L'),
(117, 85, 'M'),
(118, 85, 'S'),
(119, 86, 'L'),
(120, 86, 'M'),
(121, 86, 'S'),
(122, 87, 'L'),
(123, 87, 'M'),
(124, 87, 'S'),
(125, 88, 'L'),
(126, 88, 'M'),
(127, 88, 'S'),
(128, 89, 'L'),
(129, 89, 'M'),
(130, 89, 'S'),
(131, 90, 'L'),
(132, 90, 'M'),
(133, 90, 'S'),
(134, 91, 'L'),
(135, 91, 'M'),
(136, 91, 'S'),
(137, 92, '36'),
(138, 92, '37'),
(139, 92, '38'),
(140, 93, 'L'),
(141, 93, 'S'),
(142, 93, 'M'),
(143, 94, '36'),
(144, 94, '37'),
(145, 94, '38'),
(146, 95, '36'),
(147, 95, '37'),
(148, 95, '38'),
(149, 95, '39'),
(150, 95, '40'),
(151, 95, '41'),
(152, 95, '42'),
(153, 96, 'L'),
(154, 96, 'M'),
(155, 96, 'S'),
(156, 97, 'L'),
(157, 97, 'M'),
(158, 97, 'S'),
(159, 98, 'L'),
(160, 98, 'M'),
(161, 98, 'S'),
(162, 99, 'L'),
(163, 99, 'M'),
(164, 99, 'S'),
(165, 100, 'L'),
(166, 100, 'M'),
(167, 100, 'S'),
(168, 101, 'L'),
(169, 101, 'M'),
(170, 101, 'S'),
(171, 102, 'L'),
(172, 102, 'M'),
(173, 102, 'S'),
(174, 103, 'L'),
(175, 103, 'M'),
(176, 103, 'S'),
(177, 104, 'L'),
(178, 104, 'M'),
(179, 104, 'S'),
(180, 105, '均码'),
(181, 106, '均码'),
(182, 107, '均码'),
(183, 108, '均码'),
(184, 109, '均码'),
(185, 110, '均码'),
(186, 111, '均码'),
(187, 112, '均码'),
(188, 113, '均码'),
(189, 114, '均码'),
(190, 115, '均码'),
(191, 116, '均码'),
(192, 117, '均码'),
(193, 118, '均码'),
(194, 119, '均码'),
(195, 120, 'L'),
(196, 120, 'M'),
(197, 120, 'S'),
(198, 121, 'L'),
(199, 121, 'M'),
(200, 121, 'S'),
(201, 122, 'L'),
(202, 122, 'M'),
(203, 122, 'S'),
(204, 123, 'L'),
(205, 123, 'M'),
(206, 123, 'S'),
(207, 124, 'L'),
(208, 124, 'M'),
(209, 124, 'S'),
(210, 125, ''),
(211, 126, '');

-- --------------------------------------------------------

--
-- 表的结构 `storage`
--

CREATE TABLE IF NOT EXISTS `storage` (
  `storage_id` int(11) NOT NULL AUTO_INCREMENT COMMENT '库存id',
  `item_id` int(11) NOT NULL COMMENT '商品id',
  `color_id` int(11) NOT NULL COMMENT '颜色id',
  `size_id` int(11) NOT NULL COMMENT '尺寸id',
  `addtimes` datetime NOT NULL COMMENT '添加时间',
  `updatetimes` datetime NOT NULL COMMENT '修改时间',
  `storagecount` int(11) NOT NULL COMMENT '库存数量',
  PRIMARY KEY (`storage_id`)
) ENGINE=MyISAM  DEFAULT CHARSET=utf8 AUTO_INCREMENT=80 ;

--
-- 转存表中的数据 `storage`
--

INSERT INTO `storage` (`storage_id`, `item_id`, `color_id`, `size_id`, `addtimes`, `updatetimes`, `storagecount`) VALUES
(31, 76, 76, 89, '2017-11-16 17:27:49', '2017-11-16 17:27:49', 10),
(30, 75, 74, 86, '2017-11-16 17:26:12', '2017-11-16 17:26:12', 10),
(29, 74, 72, 83, '2017-11-16 17:25:43', '2017-11-16 17:25:43', 10),
(28, 73, 70, 80, '2017-11-16 17:25:07', '2017-11-16 17:25:07', 10),
(27, 72, 69, 77, '2017-11-16 17:24:08', '2017-11-16 17:24:08', 10),
(26, 71, 68, 74, '2017-11-16 17:22:35', '2017-11-16 17:22:35', 10),
(25, 70, 66, 71, '2017-11-16 17:17:30', '2017-11-16 17:17:30', 10),
(32, 77, 78, 92, '2017-11-16 17:28:22', '2017-11-16 17:28:22', 10),
(33, 78, 80, 97, '2017-11-16 17:28:47', '2017-11-16 17:28:47', 10),
(34, 79, 82, 100, '2017-11-16 17:29:15', '2017-11-16 17:29:15', 10),
(35, 80, 84, 103, '2017-11-16 18:13:16', '2017-11-16 18:13:16', 10),
(36, 81, 86, 106, '2017-11-16 18:13:18', '2017-11-16 18:13:18', 10),
(37, 82, 88, 109, '2017-11-16 18:14:27', '2017-11-16 18:14:27', 10),
(38, 83, 89, 112, '2017-11-16 18:14:49', '2017-11-16 18:14:49', 10),
(39, 84, 90, 115, '2017-11-16 18:16:41', '2017-11-16 18:16:41', 10),
(40, 85, 91, 118, '2017-11-16 18:17:22', '2017-11-16 18:17:22', 10),
(41, 86, 92, 121, '2017-11-16 18:18:48', '2017-11-16 18:18:48', 10),
(42, 87, 93, 124, '2017-11-16 18:19:36', '2017-11-16 18:19:36', 10),
(43, 88, 94, 127, '2017-11-16 18:20:13', '2017-11-16 18:20:13', 10),
(44, 89, 95, 130, '2017-11-16 18:21:05', '2017-11-16 18:21:05', 10),
(45, 90, 97, 133, '2017-11-16 18:22:41', '2017-11-16 18:22:41', 10),
(46, 91, 98, 136, '2017-11-16 18:24:44', '2017-11-16 18:24:44', 10),
(47, 92, 102, 139, '2017-11-16 18:27:35', '2017-11-16 18:27:35', 10),
(48, 93, 104, 142, '2017-11-16 18:28:41', '2017-11-16 18:28:41', 10),
(49, 94, 105, 145, '2017-11-16 18:29:50', '2017-11-16 18:29:50', 10),
(50, 95, 106, 152, '2017-11-16 18:34:29', '2017-11-16 18:34:29', 10),
(51, 96, 107, 155, '2017-11-16 18:35:50', '2017-11-16 18:35:50', 10),
(52, 97, 108, 158, '2017-11-16 18:36:56', '2017-11-16 18:36:56', 10),
(53, 98, 109, 161, '2017-11-16 18:37:45', '2017-11-16 18:37:45', 10),
(54, 99, 112, 164, '2017-11-16 18:38:53', '2017-11-16 18:38:53', 10),
(55, 100, 115, 167, '2017-11-16 18:41:20', '2017-11-16 18:41:20', 10),
(56, 101, 117, 170, '2017-11-16 18:41:53', '2017-11-16 18:41:53', 10),
(57, 102, 119, 173, '2017-11-16 18:42:33', '2017-11-16 18:42:33', 10),
(58, 103, 121, 176, '2017-11-16 18:43:05', '2017-11-16 18:43:05', 10),
(59, 104, 123, 179, '2017-11-16 18:43:53', '2017-11-16 18:43:53', 10),
(60, 105, 125, 180, '2017-11-16 18:45:30', '2017-11-16 18:45:30', 10),
(61, 106, 126, 181, '2017-11-17 14:32:03', '2017-11-17 14:32:03', 10),
(62, 107, 127, 182, '2017-11-17 14:32:48', '2017-11-17 14:32:48', 10),
(63, 108, 128, 183, '2017-11-17 14:44:46', '2017-11-17 14:44:46', 10),
(64, 109, 129, 184, '2017-11-17 14:45:14', '2017-11-17 14:45:14', 10),
(65, 110, 130, 185, '2017-11-17 14:47:58', '2017-11-17 14:47:58', 10),
(66, 111, 131, 186, '2017-11-17 14:48:26', '2017-11-17 14:48:26', 10),
(67, 112, 132, 187, '2017-11-17 14:49:24', '2017-11-17 14:49:24', 10),
(68, 113, 133, 188, '2017-11-17 14:49:51', '2017-11-17 14:49:51', 10),
(69, 114, 134, 189, '2017-11-17 14:50:15', '2017-11-17 14:50:15', 10),
(70, 115, 135, 190, '2017-11-17 14:50:55', '2017-11-17 14:50:55', 10),
(71, 116, 136, 191, '2017-11-17 14:51:29', '2017-11-17 14:51:29', 10),
(72, 117, 137, 192, '2017-11-17 14:51:56', '2017-11-17 14:51:56', 10),
(73, 118, 138, 193, '2017-11-17 14:52:19', '2017-11-17 14:52:19', 10),
(74, 119, 139, 194, '2017-11-17 14:52:52', '2017-11-17 14:52:52', 10),
(75, 120, 141, 197, '2017-11-17 14:54:18', '2017-11-17 14:54:18', 10),
(76, 121, 143, 200, '2017-11-17 14:54:49', '2017-11-17 14:54:49', 10),
(77, 122, 145, 203, '2017-11-17 14:55:18', '2017-11-17 14:55:18', 10),
(78, 123, 147, 206, '2017-11-17 14:56:00', '2017-11-17 14:56:00', 10),
(79, 124, 149, 209, '2017-11-17 14:56:53', '2017-11-17 14:56:53', 10);

/*!40101 SET CHARACTER_SET_CLIENT=@OLD_CHARACTER_SET_CLIENT */;
/*!40101 SET CHARACTER_SET_RESULTS=@OLD_CHARACTER_SET_RESULTS */;
/*!40101 SET COLLATION_CONNECTION=@OLD_COLLATION_CONNECTION */;
